,name,date
0,BHARBERT,5/9/22
1,Sigmund Software,12/9/22
2,Exela Technologies,20/6/22
3,MILLS GROUP,8/4/22
4,EIITNET,29/4/22
5,AdaptIT,2/7/22
6,CARTEGRAPH,26/4/22
7,WWSTEELE,24/5/22
8,RALLYE-DOM,15/6/22
9,SANDO,17/6/22
10,CAN.COM,28/5/22
11,G&P Projects And Systems S.A.,20/5/22
12,NUAIRE,16/4/22
13,FMT,24/6/22
14,DIRECTFERRIES,17/4/22
15,Massy Distribution Limited,28/4/22
16,Monterey Mechanical Co.,7/4/22
17,MHIRE,4/6/22
18,KDE,25/5/22
19,CITY-FURNITURE,12/6/22
20,AUM,11/5/22
21,Yachiyo Of America,30/4/22
22,APETITO,25/6/22
23,Caracol TV,22/5/22
24,SPORTPLAZA,28/4/22
25,SOUCY,24/4/22
26,ChemStation International,15/4/22
27,Guardian Fueling Technologies,20/4/22
28,GROUP4 AUSTRALIA,4/7/22
29,Authentic Brands Group,10/6/22
30,Yurtiçi Kargo,31/5/22
31,New York Racing Association,30/6/22
32,Bell Technical Solutions,20/8/22
33,FONTAINEBLEAU,2/9/22
34,California-Oregon Telecommunications Company,4/7/22
35,Eurocell,22/7/22
36,NCG Medical,19/8/22
37,Altice International,9/8/22
38,Baton Rouge General,29/6/22
39,TriState HVAC Equipment,10/7/22
40,ENN Group,6/7/22
41,CIMEX,13/5/22
42,Carrolls Irish Gifts,12/7/22
43,Behavioral Health System,26/5/22
44,RTVCM,31/5/22
45,Hamlyns Limited,28/6/22
46,NETWORK4CARS,17/5/22
47,Diskriter,8/6/22
48,"SuperAlloy Industrial Co., Ltd.",21/6/22
49,Alphapointe,22/4/22
50,Arte Radiotelevisivo Argentino (Artear),1/6/22
51,Goodman Campbell Brain & Spine,20/5/22
52,Travira Air,12/5/22
53,XEIAD,18/5/22
54,RateGain,15/5/22
55,Tri-Ko,16/4/22
56,"Faw-Volkswagen Automobile Co., Ltd.",7/4/22
57,Attica Group,6/4/22
58,SSK Ingeniería Y Construcción S.A.C.,20/3/22
59,Konradin Mediengruppe GmbH,8/3/22
60,Pollmann,13/2/22
61,Ministry For Foreign Affairs Of The Republic Of Indonesia,27/1/22
62,Banco Caribe,22/1/22
63,Passero Associates,16/3/22
64,KONECTA SERVICIOS ADMINISTRATIVOS Y TECNOLOGICOS S.L. SUCURSAL ARGENTINA,19/2/22
65,Asphalion,18/2/22
66,Polynt Group,23/1/22
67,Centerline Communication Llc,10/2/22
68,GomeA,29/1/22
69,Otto Dörner GmbH & Co. KG,17/1/22
70,ITS InfoCom,25/1/22
71,Friedrich,9/2/22
72,Emil Frey,11/1/22
73,Creative Liquid Coatings INC,18/1/22
74,parrottsims.com,24/9/22
75,rbroof.com,23/9/22
76,ch-sf.fr,23/9/22
77,congerbuilt.com,22/9/22
78,thorguard.com,22/9/22
79,scrd.ca,22/9/22
80,franckbeun.fr,22/9/22
81,idtech.com.tw,22/9/22
82,webnordeste.com.br,22/9/22
83,psi.com.tw,21/9/22
84,yourprivateitaly.com,21/9/22
85,software-line.it,21/9/22
86,ducanh.com,21/9/22
87,uide.edu.ec,21/9/22
88,marugokiso.co.jp,21/9/22
89,ifwglobal.com,21/9/22
90,elementnor.no,20/9/22
91,mts.mektec.com,19/9/22
92,okibrasil.com,19/9/22
93,hering-heinz.de,19/9/22
94,"First bounty payout $50,000",17/9/22
95,dss-cz.com,16/9/22
96,ces-conditionneur.fr,16/9/22
97,kaffeeberlin.com,16/9/22
98,scottobrothers.com,16/9/22
99,equatortrustees.com,16/9/22
100,orioninc.com,15/9/22
101,nakamuracorp.co.jp,15/9/22
102,aliat.group,14/9/22
103,d-securite.com,14/9/22
104,medical69.com,14/9/22
105,asecna.org,14/9/22
106,markherder.com,14/9/22
107,southamptoncounty.org,14/9/22
108,cnachile.cl,14/9/22
109,independence.com.co,14/9/22
110,makler.com.ve,14/9/22
111,inspecshawaii.com,14/9/22
112,kcgreenholdings.com,14/9/22
113,aipcenergy.com,14/9/22
114,cityofbartlett.org,14/9/22
115,quintal.com.co,14/9/22
116,ville-faulquemont.fr,14/9/22
117,sva-avignon.concession-landrover.fr,14/9/22
118,sarassure.fr,14/9/22
119,pays-colombey-sudtoulois.fr,14/9/22
120,mj-donnais.fr,14/9/22
121,maleosante.fr,14/9/22
122,maisonloisy.fr,14/9/22
123,lagence33.com,14/9/22
124,jt-engineering.com,14/9/22
125,euromip.fr,14/9/22
126,euro-modules.fr,14/9/22
127,daune.org,14/9/22
128,cmb-artimmo.com,14/9/22
129,artdis.fr,14/9/22
130,kwp.at,14/9/22
131,camdomain.com,14/9/22
132,cultivar.net,14/9/22
133,thezincgroup.com,14/9/22
134,mackenzie-law.co.uk,14/9/22
135,taxprepandmore.com,14/9/22
136,tapcocu.org,14/9/22
137,idealtridon.com,14/9/22
138,bakkerheftrucks.com,13/9/22
139,hmets.com,13/9/22
140,americantilestone.com,13/9/22
141,accionplus.com,13/9/22
142,lenax.com,13/9/22
143,casapellas.com,13/9/22
144,aresfoods.ca,13/9/22
145,kangaroo.vn,13/9/22
146,monnensenpartners.be,13/9/22
147,uplexis.com.br,13/9/22
148,vsainc.com,13/9/22
149,aralaw.cr,13/9/22
150,columbiagrain.com,13/9/22
151,madcoenergi.com,13/9/22
152,finnco.eu,13/9/22
153,ah-a.de,13/9/22
154,zhulian.co.th,13/9/22
155,porcelanosa-usa.com,13/9/22
156,mwd.digital,13/9/22
157,connectvitypoint.com,13/9/22
158,cenviro.com,13/9/22
159,crbrandsinc.com,13/9/22
160,cheungwoh.com.sg,13/9/22
161,lacalera.pe,13/9/22
162,cpicfiber.com,13/9/22
163,okcu.edu,13/9/22
164,stevesilvaplumbing.com,13/9/22
165,stjohnvianney.org,13/9/22
166,overseas-ast.com,13/9/22
167,MEIJI.COM.SG,13/9/22
168,armassist.ie,12/9/22
169,cristianaspinecenter.com,12/9/22
170,versma.com,12/9/22
171,eneva.com.br,12/9/22
172,goodwillnm.org,12/9/22
173,sportlavit.nl,12/9/22
174,diakonissen-riehen.ch,12/9/22
175,legacy-hospitality.com,12/9/22
176,pinnick.co.uk,12/9/22
177,integrate.ch,12/9/22
178,omegaservices.com.au,12/9/22
179,frigobandeira.com,12/9/22
180,ginko.com.tw,11/9/22
181,ring-plastik.de,11/9/22
182,shopper360.com.my,11/9/22
183,peakinternational.com,11/9/22
184,divultec.pt,11/9/22
185,clestra.com,11/9/22
186,galenica.ma,11/9/22
187,thininfra.nl,11/9/22
188,kamut.com,11/9/22
189,autoliv.com,11/9/22
190,ocrex.com,11/9/22
191,wrschool.net,11/9/22
192,embalajescapsa.com,11/9/22
193,agenziaentrate.gov.it,11/9/22
194,fedefarma.com,11/9/22
195,trialpro.com,11/9/22
196,fruca.es,11/9/22
197,statravel.de,11/9/22
198,ymaunivers.com,11/9/22
199,lanormandise.fr,11/9/22
200,hikadikoy.com,11/9/22
201,tekinox.it,11/9/22
202,hamiota.com,11/9/22
203,draperyconceptsny.com,11/9/22
204,hunters.com,11/9/22
205,gavresorts.com.br,11/9/22
206,kisan.com.tr,11/9/22
207,sportscity.com.tw,11/9/22
208,centrodsr.it,11/9/22
209,hatcherins.com,11/9/22
210,northwestpipe.com,11/9/22
211,correounir.com.ar,11/9/22
212,sieam.fr,11/9/22
213,ospreyvideo.com,11/9/22
214,floresfunza.com,11/9/22
215,rovagnati.it,11/9/22
216,competencia.com.ec,11/9/22
217,ygboulons.com,11/9/22
218,get.es,11/9/22
219,roedeanschool.co.za,11/9/22
220,www3.comune.gorizia.it,11/9/22
221,qualitymedicalinc.com,11/9/22
222,riken.co.jp,11/9/22
223,"Yong Mao Environmental Tech. Co.,Ltd",11/9/22
224,osde.com.ar,11/9/22
225,newwestmetals.com,11/9/22
226,marcopolohotels.com,11/9/22
227,kkcsworld.com,11/9/22
228,trufab.com,11/9/22
229,addconsult.nl,11/9/22
230,kortrijkserijschool.be,11/9/22
231,dcashpro.com,11/9/22
232,metaage.com.tw,11/9/22
233,pdh.com.tw,11/9/22
234,canteen.com,11/9/22
235,altaadhod.com,11/9/22
236,currierryan.com,8/9/22
237,perteet.com,7/9/22
238,misumi.com.tw,7/9/22
239,frederickco.gov,7/9/22
240,sbr-zwiesel.de,5/9/22
241,growag.ch,2/9/22
242,studiobarba.com,1/9/22
243,megal.com,26/8/22
244,pinjuhlaw.com,23/8/22
245,barrydowd.com,23/8/22
246,ruffinlawyers.com.au,23/8/22
247,robitgroup.com,23/8/22
248,destinationhope.com,23/8/22
249,entrust.com,20/8/22
250,wabteccorp.com,19/8/22
251,faacgroup.com,13/8/22
252,beckerlaw.com,13/8/22
253,besttaxfiler.com,13/8/22
254,centuryaluminum.com,13/8/22
255,lapostemobile.fr,13/8/22
256,lexingtonnational.com,11/8/22
257,maldegem.be,11/8/22
258,groupe-helios.com,11/8/22
259,mec.com,11/8/22
260,unimasters.com,9/8/22
261,obriengroupaustralia.com.au,2/8/22
262,preflooring.com,1/8/22
263,scohil.com,1/8/22
264,emunworks.com,31/7/22
265,eclipse-print.com,30/7/22
266,sig.id,27/7/22
267,diodes.com,25/7/22
268,bizframe.co.za,23/7/22
269,bizebra.com,22/7/22
270,iis.ac.uk,21/7/22
271,vlp.nl,21/7/22
272,acac.com,20/7/22
273,emprint.com,20/7/22
274,cabbageinc.com,20/7/22
275,a2-pas.fr,19/7/22
276,genusplc.com,19/7/22
277,vytelle.com,16/7/22
278,alpachem.com,15/7/22
279,etgworld.com,14/7/22
280,lonseal.com,11/7/22
281,metroappliancesandmore.com,10/7/22
282,carnbrea.com.au,7/7/22
283,axelcium.com,5/7/22
284,sigma-alimentos.com,5/7/22
285,bosco-avocats.com,5/7/22
286,lesbureauxdelepargne.com,5/7/22
287,plravocats.fr,5/7/22
288,slpcolombus.com,5/7/22
289,Instituto Agrario Dominicano,1/9/22
290,Shaw & Slavsky,19/8/22
291,BEESENSE,4/8/22
292,Broshuis | Driving innovation,18/7/22
293,ZEUS Scientific,29/6/22
294,Shred Station,14/6/22
295,Florida Department of Veterans' Affairs,27/5/22
296,Valley Rentals,29/4/22
297,Drive Products,29/4/22
298,Tehama County Social Services,28/4/22
299,Camden City School District,20/4/22
300,JetStar,11/4/22
301,InfoTek Consulting Services,28/2/22
302,Maple Lodge Farms,31/1/22
303,Avante Health Solutions,23/8/22
304,"Moskowitz, Mandell & Salim, P.A.",18/8/22
305,Liftow LTD,4/8/22
306,American International Industries,12/7/22
307,RG Alliance Group,16/6/22
308,M. Green and Company LLP,14/6/22
309,Tex-Isle Supply,17/5/22
310,Petro Serve,29/4/22
311,Henry,29/4/22
312,Elgin County,27/4/22
313,Hi Tech HoneyComb,11/4/22
314,Service Employees' International Union,11/4/22
315,Jazeera Airways,7/2/22
316,Lewis & Clark College,13/1/22
317,Moscone Center,23/8/22
318,Freyr Solutions,8/8/22
319,"Delon Hampton & Associates, Chartered",19/7/22
320,Crupi Group,29/6/22
321,YMCA,14/6/22
322,Medlab Pathology,14/6/22
323,Hirsch Watch Straps & Accessories,17/5/22
324,Hufcor,29/4/22
325,Grosvenor Engineering Group,29/4/22
326,Confcommercio - Alessandria - Home,26/4/22
327,Broadleaf,11/4/22
328,Wolfe Industrial,11/4/22
329,Altoona Area School District,2/2/22
330,Fundo Nacional de Desenvolvimento da Educação,3/9/22
331,Bombardier Recreational Products (BRP) - BONUS CONTENT (!!!),24/8/22
332,Bombardier Recreational Products (BRP),23/8/22
333,Sonae,5/4/22
334,Stago,29/3/22
335,Scottish Association for Mental Health,20/3/22
336,Viva Air,14/3/22
337,POP TV,15/2/22
338,KCA Deutag,28/1/22
339,SolarCraft,22/9/22
340,CARITAS,19/9/22
341,trisupplyhome.com,17/9/22
342,Boyes Turner LLP,16/9/22
343,County Suffolk and contractors,15/9/22
344,Longhorn Investments,14/9/22
345,HAYAT GROUP,14/9/22
346,Triten,14/9/22
347,Artic Building Services,14/9/22
348,The Checker Transportation Group,8/9/22
349,Tri-Supply,8/9/22
350,PCSupport,6/9/22
351,Fiveninefive,6/9/22
352,GHT CORP,30/8/22
353,Josef Saller Services e.K. - Saller Bau,29/8/22
354,Laferté,29/8/22
355,Justman Packaging & Display Information,29/8/22
356,GSE - Gestore Servizi Energetici,27/8/22
357,Accelya,15/8/22
358,Hometrust Mortgage Company,15/8/22
359,AD Consulting Group,4/8/22
360,MarioSinacola,2/8/22
361,Creos Luxembourg,29/7/22
362,Nelsonslaw LLP,29/7/22
363,tnq.co.in,28/7/22
364,herc.com.br,28/7/22
365,JOHN A. BODZIAK ARCHITECT AIA,26/7/22
366,Holland CPA,24/7/22
367,HANDLER Bau GmbH,20/7/22
368,OGLETREE,20/7/22
369,Continental Management,19/7/22
370,Reed Pope Law,19/7/22
371,KKJM Lawfirm,18/7/22
372,Unisuper S.A.,14/7/22
373,"Duda Farm Fresh Foods A. Duda & Sons , Inc. Duda A. Duda & Sons Duda Farm Fresh Foods Inc",14/7/22
374,duda.com,13/7/22
375,Hydraelectric,11/7/22
376,Bandai Namco,11/7/22
377,COUNT+CARE | ENTEGA.DE,10/7/22
378,Chen Moore and Associates,9/7/22
379,Podhurst Orseck,7/7/22
380,The Royal Commission for Riyadh City (RCRC),7/7/22
381,Dusit D2 Kenz Hotel Dubai,6/7/22
382,adlerdisplay.com | Adler Display,1/7/22
383,HANSA KONTAKT,26/6/22
384,nutis.com,23/6/22
385,Matco Electric,18/6/22
386,Plainedge Public Schools,14/6/22
387,theallison.com,14/6/22
388,The University of Pisa,11/6/22
389,vanderpol's,11/6/22
390,Purvis Industries,4/6/22
391,eivp-paris.fr,2/6/22
392,Alexandria. (LA),2/6/22
393,AMS-Gruppe,31/5/22
394,Whitehall. (OH),30/5/22
395,M+A Partners,27/5/22
396,Klasner Solomon & Partners Chartered Professional Accountants,26/5/22
397,Imagen Television,24/5/22
398,GREEN MOUNTAIN ELECTRIC SUPPLY (gmes.com),24/5/22
399,Land Kärnten,23/5/22
400,SYSOL,22/5/22
401,Tecnopack,17/5/22
402,Boom Logistics (boomlogistics.com.au),17/5/22
403,YCUA,12/5/22
404,Campbell & Partners Consulting,10/5/22
405,The People's Federal Credit Union | tpfcu.com,9/5/22
406,"Horwitz Law, Horwitz & Associates",4/5/22
407,BRITISH LINK KUWAIT,3/5/22
408,"Innotec, Corp.",29/4/22
409,Municipio de Quito,28/4/22
410,Phoenix/Packaging Inc.,27/4/22
411,"Davis Law Group, P.C.",27/4/22
412,j-w-anderson.com,26/4/22
413,FRISA.com,26/4/22
414,"Richardson & Pullen, PC",26/4/22
415,Calvetti Ferguson,22/4/22
416,Alliant Physical Therapy DATA,21/4/22
417,DC ADVISORY,20/4/22
418,Trace Midstream,20/4/22
419,North View Escrow Corp,20/4/22
420,secova.com | Secova Inc,19/4/22
421,"Monteleone & McCrory, LLP",15/4/22
422,eNoah it solutions,14/4/22
423,Barakat Travel and Private Jet was Hacked,10/4/22
424,wallyedgar.com | Wally Edgar Chevrolet,9/4/22
425,tgs.com.ar,9/4/22
426,Florida International University (www.fiu.edu),8/4/22
427,North Carolina A&T State University (www.ncat.edu),6/4/22
428,bet9ja.com | goldbet.it,6/4/22
429,Enoah Isolutions,5/4/22
430,www.innotecgroup.com,4/4/22
431,NECSUM TRISON,3/4/22
432,NECSUM,3/4/22
433,Favoris Holding AG (favoris-ag.ch),2/4/22
434,WKPZ Law,1/4/22
435,SSW Consulting,31/3/22
436,Dober,31/3/22
437,Rudsak Inc | rudsak.com,28/3/22
438,DC Solutions FR&Switzerland (dcsolution.ch),27/3/22
439,CASTGROUP.COM.BR,27/3/22
440,VOYAGER DISTRIBUTING COMPANY PTY. LTD.,25/3/22
441,Relationships Australia,25/3/22
442,tgs.com.ar,24/3/22
443,LW Group,23/3/22
444,inibsa.com | inibsadental.com | inibsa.net 2TB FULL DATA,22/3/22
445,Maintainco Inc. | maintainco.com | starlift.com,22/3/22
446,"KELLY,REMMEL&ZIMMERMAN first part",22/3/22
447,Bradsby Group | bradsbygroup.com,21/3/22
448,unapen.internal,17/3/22
449,M.T.B.,16/3/22
450,Bullfrog International | bullfrogspas.com,15/3/22
451,Noble Oil | nobleoil.com,9/3/22
452,GEMS Education | gemseducation.com,25/2/22
453,JinkoSolar.com (NYSE: JKS),20/2/22
454,Quantel Medical | quantel-medical.com,18/2/22
455,IKPT,18/2/22
456,Phyllis Browning Company | phyllisbrowning.com,18/2/22
457,threesixtysourcing.com,17/2/22
458,Southwark Metal Manufacturing Co. | southwarkmetal.com,16/2/22
459,HyLife,16/2/22
460,NorthEast Coverages | northeastcoverages.com,9/2/22
461,Scherr Legate | scherrlegate.com,8/2/22
462,bishopeye.com,6/2/22
463,chemtech.net,6/2/22
464,mainland.com.hk,4/2/22
465,Royal Laser,3/2/22
466,CGT S.p.A. - cgt.it,2/2/22
467,SVA Jean Rozé - sva-jeanroze.fr,1/2/22
468,maketherightcall.com hk-callcentre,29/1/22
469,Brookson Group | brooksonone.co.uk,18/1/22
470,Moncler,17/1/22
471,ipec.ro,16/1/22
472,The Grand Bahama Port Authority,7/1/22
473,Detroit Stoker,5/1/22
474,FrenchGourmet,2/1/22
475,CED Group,1/1/22
476,NanoFocus - nanofocus.com,1/1/22
477,D.F. Chase | dfchase.com,28/12/21
478,Ballester Hermanos | ballesterhermanos.com,24/12/21
479,SNOP GROUP,21/12/21
480,Douglas Shaw & Associates | douglasshaw.com,21/12/21
481,Uriach - www.uriach.com,20/12/21
482,Unified Technologies | unified-team.com,20/12/21
483,Solaris Management Consultants | solaris-mci.com,20/12/21
484,Hunter Douglas | hunterdouglas.com.au,20/12/21
485,Buffers USA | buffersusa.com,20/12/21
486,van Eupen Logistik - vaneupen.com,19/12/21
487,Centaris.com,9/12/21
488,New City Commercial Corporation (NCCC),9/12/21
489,Strataworldwide.com,30/11/21